{
    "mae": 26824.98900714726,
    "mape": 0.05720348581465137,
    "r2": 0.9535980154878311,
    "best_params": {
        "iterations": 1177,
        "depth": 10,
        "learning_rate": 0.06539276396238419,
        "l2_leaf_reg": 3.369450776960489,
        "random_strength": 0.12495725449308659,
        "bagging_temperature": 3.6257981228257607
    }
}